City_ID,City,Lat,Lng,Max Temp,Humidity,Cloudiness,Wind Speed,Country,Date
0,Busselton,-33.65,115.3333,55.0,81,100,9.37,AU,2021-01-11 22:22:54
1,Cape Town,-33.9258,18.4232,70.0,68,0,14.97,ZA,2021-01-11 22:20:42
2,Bredasdorp,-34.5322,20.0403,66.2,94,100,9.22,ZA,2021-01-11 22:22:54
3,Atuona,-9.8,-139.0333,77.54,80,6,16.13,PF,2021-01-11 22:22:54
4,Saint-Philippe,-21.3585,55.7679,78.8,89,20,4.61,RE,2021-01-11 22:22:55
5,Nikolskoye,59.7035,30.7861,10.4,85,75,11.18,RU,2021-01-11 22:22:55
6,Heihe,50.2441,127.4902,-22.0,76,0,4.05,CN,2021-01-11 22:22:55
7,Pangody,65.85,74.4859,-13.16,88,75,12.64,RU,2021-01-11 22:22:56
8,Pano Aqil,27.8569,69.1116,48.2,71,0,4.72,PK,2021-01-11 22:22:56
9,Faanui,-16.4833,-151.75,81.41,77,100,22.55,PF,2021-01-11 22:22:56
10,Rikitea,-23.1203,-134.9692,77.99,77,100,18.97,PF,2021-01-11 22:22:56
11,Hobart,-42.8794,147.3294,63.0,67,75,24.16,AU,2021-01-11 22:20:31
12,Albany,42.6001,-73.9662,30.99,70,99,2.19,US,2021-01-11 22:21:41
13,Castro,-24.7911,-50.0119,71.24,92,60,6.35,BR,2021-01-11 22:22:57
14,Hambantota,6.1241,81.1185,73.4,100,20,3.44,LK,2021-01-11 22:22:57
15,Kysyl-Syr,63.8986,122.7617,-40.36,80,100,3.44,RU,2021-01-11 22:22:57
16,Barrhead,55.7992,-4.3929,41.0,93,90,12.66,GB,2021-01-11 22:22:57
17,Adrar,20.5022,-10.0711,58.41,35,100,11.61,MR,2021-01-11 22:22:58
18,Acajutla,13.5928,-89.8275,82.94,57,0,3.83,SV,2021-01-11 22:22:58
19,Vaini,-21.2,-175.2,84.2,65,75,8.05,TO,2021-01-11 22:22:58
20,Salalah,17.0151,54.0924,71.6,23,0,17.27,OM,2021-01-11 22:22:58
21,Zhicheng,30.2956,111.5047,36.0,58,0,3.98,CN,2021-01-11 22:22:59
22,Makakilo City,21.3469,-158.0858,84.2,58,75,10.36,US,2021-01-11 22:20:46
23,Lensk,60.7253,114.9278,-24.0,83,100,2.62,RU,2021-01-11 22:22:59
24,Lebu,-37.6167,-73.65,56.86,60,0,18.81,CL,2021-01-11 22:22:59
25,Mikhaylovsk,45.1283,42.0256,26.6,100,90,6.71,RU,2021-01-11 22:22:59
26,Longyearbyen,78.2186,15.6401,15.8,86,0,1.14,SJ,2021-01-11 22:22:01
27,Isangel,-19.55,169.2667,80.6,94,90,8.3,VU,2021-01-11 22:23:00
28,Siocon,7.7061,122.1353,78.55,85,80,9.66,PH,2021-01-11 22:23:00
29,Sosva,59.1766,61.8558,-25.76,86,100,7.07,RU,2021-01-11 22:23:01
30,La Libertad,-2.2333,-80.9,82.4,69,0,9.22,EC,2021-01-11 22:23:02
31,Batsfjord,70.6345,29.7185,12.2,73,75,19.57,NO,2021-01-11 22:23:02
32,Baruun-Urt,46.6806,113.2792,-4.09,87,66,10.0,MN,2021-01-11 22:23:02
33,Haines Junction,60.7522,-137.5108,15.8,92,79,1.14,CA,2021-01-11 22:23:02
34,Hilo,19.7297,-155.09,80.6,61,40,5.75,US,2021-01-11 22:22:15
35,Antalaha,-14.9003,50.2788,75.52,89,40,4.25,MG,2021-01-11 22:23:03
36,Luderitz,-26.6481,15.1594,67.03,71,0,19.1,NA,2021-01-11 22:23:03
37,Moerai,-22.4333,-151.3333,80.64,74,97,17.78,PF,2021-01-11 22:23:03
38,Grindavik,63.8424,-22.4338,28.4,69,40,8.05,IS,2021-01-11 22:23:03
39,Upernavik,72.7868,-56.1549,26.62,93,98,31.16,GL,2021-01-11 22:23:04
40,Dhandhuka,22.3667,71.9833,62.83,41,0,9.69,IN,2021-01-11 22:23:04
41,Georgetown,5.4112,100.3354,80.6,73,20,3.44,MY,2021-01-11 22:22:25
42,Kodiak,57.79,-152.4072,37.4,87,90,8.05,US,2021-01-11 22:23:04
43,Chokurdakh,70.6333,147.9167,-28.05,83,92,1.72,RU,2021-01-11 22:23:05
44,Lavrentiya,65.5833,-171.0,-12.39,82,100,10.04,RU,2021-01-11 22:23:05
45,Candelaria,13.9311,121.4233,69.69,84,54,7.45,PH,2021-01-11 22:23:05
46,Ilulissat,69.2167,-51.1,24.8,93,90,2.3,GL,2021-01-11 22:23:05
47,Tasiilaq,65.6145,-37.6368,17.6,73,90,1.14,GL,2021-01-11 22:23:05
48,Tiksi,71.6872,128.8694,-35.19,82,82,8.1,RU,2021-01-11 22:23:06
49,Rocha,-34.4833,-54.3333,72.81,90,100,2.44,UY,2021-01-11 22:23:06
50,Tuktoyaktuk,69.4541,-133.0374,3.2,85,90,14.97,CA,2021-01-11 22:23:06
51,Kirakira,-10.4544,161.9205,81.9,75,93,1.95,SB,2021-01-11 22:23:06
52,Punta Arenas,-53.15,-70.9167,50.0,57,75,37.98,CL,2021-01-11 22:22:06
53,Torbay,47.6666,-52.7314,27.0,86,90,11.5,CA,2021-01-11 22:23:07
54,Fort Nelson,58.8053,-122.7002,14.0,92,75,2.3,CA,2021-01-11 22:23:07
55,Mar Del Plata,-38.0023,-57.5575,69.01,60,0,14.97,AR,2021-01-11 22:22:38
56,Kapaa,22.0752,-159.319,80.6,69,40,9.22,US,2021-01-11 22:23:07
57,New Norfolk,-42.7826,147.0587,64.0,65,59,3.0,AU,2021-01-11 22:23:08
58,Casino,-28.8667,153.05,73.4,73,8,2.3,AU,2021-01-11 22:23:08
59,Mataura,-46.1927,168.8643,65.48,50,0,2.04,NZ,2021-01-11 22:23:08
60,Yumen,40.2833,97.2,17.78,67,0,34.52,CN,2021-01-11 22:23:09
61,Kampene,-3.6,26.6667,69.19,96,100,2.51,CD,2021-01-11 22:23:09
62,Provideniya,64.3833,-173.3,-0.4,65,0,4.47,RU,2021-01-11 22:23:09
63,Saldanha,-33.0117,17.9442,64.4,72,0,5.75,ZA,2021-01-11 22:23:09
64,Santa Vitoria,-18.8386,-50.1214,83.37,58,85,1.9,BR,2021-01-11 22:23:10
65,Jamestown,42.097,-79.2353,34.0,80,90,11.5,US,2021-01-11 22:22:04
66,Airai,-8.9266,125.4092,62.22,100,33,1.39,TL,2021-01-11 22:23:10
67,Altus,34.6381,-99.334,46.4,49,90,5.75,US,2021-01-11 22:23:10
68,Rio Gallegos,-51.6226,-69.2181,51.8,54,75,10.36,AR,2021-01-11 22:23:10
69,Arraial Do Cabo,-22.9661,-42.0278,78.8,78,75,16.11,BR,2021-01-11 22:22:24
70,Cabo San Lucas,22.8909,-109.9124,73.0,49,1,6.91,MX,2021-01-11 22:20:27
71,Coihaique,-45.5752,-72.0662,53.6,47,75,12.66,CL,2021-01-11 22:23:11
72,Xapuri,-10.6517,-68.5044,82.4,78,75,3.44,BR,2021-01-11 22:23:11
73,Saint-Augustin,51.226,-58.6502,16.75,85,17,11.16,CA,2021-01-11 22:23:11
74,Amazar,53.858,120.875,-12.82,87,100,1.99,RU,2021-01-11 22:23:12
75,Bengkulu,-3.8004,102.2655,75.52,95,100,13.78,ID,2021-01-11 22:23:12
76,Namatanai,-3.6667,152.4333,82.72,74,100,4.85,PG,2021-01-11 22:23:12
77,Butaritari,3.0707,172.7902,80.78,82,71,21.32,KI,2021-01-11 22:23:12
78,Sokoto,13.0609,5.239,74.08,19,0,9.98,NG,2021-01-11 22:23:12
79,Abancay,-13.6339,-72.8814,68.83,52,49,7.07,PE,2021-01-11 22:23:12
80,Kaitangata,-46.2817,169.8464,63.0,55,1,5.01,NZ,2021-01-11 22:23:13
81,Khatanga,71.9667,102.5,-19.5,88,100,6.38,RU,2021-01-11 22:23:13
82,Curup,-3.4667,102.5333,68.74,94,100,0.47,ID,2021-01-11 22:23:13
83,Saskylakh,71.9167,114.0833,-18.56,87,100,7.96,RU,2021-01-11 22:23:13
84,Vila Franca Do Campo,37.7167,-25.4333,60.8,94,90,4.61,PT,2021-01-11 22:23:13
85,Havoysund,70.9963,24.6622,19.4,68,0,16.11,NO,2021-01-11 22:23:14
86,Tuatapere,-46.1333,167.6833,64.26,48,1,3.56,NZ,2021-01-11 22:23:14
87,Praia Da Vitoria,38.7333,-27.0667,61.0,100,40,6.96,PT,2021-01-11 22:23:14
88,Quatre Cocos,-20.2078,57.7625,79.0,94,40,18.41,MU,2021-01-11 22:23:14
89,French Harbor,16.35,-86.4333,82.0,83,20,5.75,HN,2021-01-11 22:23:15
90,Fara In Sabina,42.2089,12.7292,39.0,93,97,1.7,IT,2021-01-11 22:23:15
91,Lagoa,39.05,-27.9833,62.71,86,100,18.28,PT,2021-01-11 22:23:15
92,Palatka,29.6486,-81.6376,71.01,60,78,3.33,US,2021-01-11 22:23:15
93,Saint-Pierre,-21.3393,55.4781,78.8,89,20,4.61,RE,2021-01-11 22:23:16
94,Thompson,55.7435,-97.8558,21.2,100,90,5.75,CA,2021-01-11 22:23:16
95,Qaanaaq,77.484,-69.3632,1.44,73,1,6.38,GL,2021-01-11 22:23:16
96,Kodinsk,58.6881,99.1844,-30.73,82,15,2.48,RU,2021-01-11 22:23:16
97,Yellowknife,62.456,-114.3525,12.99,92,40,5.75,CA,2021-01-11 22:22:04
98,Husavik,66.0449,-17.3389,10.4,92,0,3.44,IS,2021-01-11 22:23:17
99,Ust-Maya,60.4167,134.5333,-50.55,76,79,1.07,RU,2021-01-11 22:23:17
100,Mahon,39.8885,4.2658,42.8,87,75,4.61,ES,2021-01-11 22:23:17
101,Kidal,18.4411,1.4078,70.18,21,0,3.91,ML,2021-01-11 22:23:17
102,Shache,38.4167,77.2406,12.22,86,0,1.61,CN,2021-01-11 22:23:18
103,Sitka,57.0531,-135.33,39.2,87,90,13.8,US,2021-01-11 22:23:18
104,Lompoc,34.6391,-120.4579,64.99,48,1,9.22,US,2021-01-11 22:23:18
105,Tigil,57.8,158.6667,2.1,86,100,3.27,RU,2021-01-11 22:23:18
106,Souillac,-20.5167,57.5167,78.8,94,40,18.41,MU,2021-01-11 22:23:19
107,Bethel,41.3712,-73.414,30.2,69,90,1.79,US,2021-01-11 22:23:19
108,Werda,-25.2667,23.2833,71.92,80,94,9.93,BW,2021-01-11 22:23:19
109,Marsh Harbour,26.5412,-77.0636,73.49,59,48,7.2,BS,2021-01-11 22:23:19
110,Tilichiki,60.4667,166.1,-19.03,86,94,11.25,RU,2021-01-11 22:23:19
111,Puerto Ayora,-0.7393,-90.3518,78.8,73,75,16.11,EC,2021-01-11 22:23:20
112,Ikom,5.9667,8.7063,77.36,76,0,2.71,NG,2021-01-11 22:23:20
113,Sambava,-14.2667,50.1667,77.61,85,45,4.23,MG,2021-01-11 22:23:20
114,Codrington,-38.2667,141.9667,58.87,67,94,11.56,AU,2021-01-11 22:23:20
115,Avarua,-21.2078,-159.775,84.2,74,40,12.66,CK,2021-01-11 22:23:20
116,Fairbanks,64.8378,-147.7164,21.2,86,75,2.68,US,2021-01-11 22:22:34
117,Shaoyang,27.2315,111.4525,34.38,81,0,3.29,CN,2021-01-11 22:23:21
118,Ushuaia,-54.8,-68.3,46.4,71,75,3.44,AR,2021-01-11 22:22:44
119,Tessalit,20.1986,1.0114,64.71,27,0,12.01,ML,2021-01-11 22:23:21
120,Vrangel,42.7297,133.0839,19.81,95,100,12.53,RU,2021-01-11 22:23:21
121,Pemba,-12.974,40.5178,78.8,89,75,5.75,MZ,2021-01-11 22:23:22
122,Port Elizabeth,-33.918,25.5701,68.0,94,90,9.22,ZA,2021-01-11 22:23:22
123,Alofi,-19.0595,-169.9187,84.2,70,75,8.05,NU,2021-01-11 22:23:22
124,Port Blair,11.6667,92.75,78.85,79,6,12.41,IN,2021-01-11 22:20:07
125,Espumoso,-28.7247,-52.8497,85.28,63,1,5.91,BR,2021-01-11 22:23:23
126,Moree,-29.4667,149.85,73.4,60,0,11.5,AU,2021-01-11 22:23:23
127,Dikson,73.5069,80.5464,5.02,95,100,4.05,RU,2021-01-11 22:23:23
128,Port Alfred,-33.5906,26.891,73.06,88,97,16.62,ZA,2021-01-11 22:23:23
129,Bluff,-46.6,168.3333,58.53,67,2,6.67,NZ,2021-01-11 22:23:24
130,Mahebourg,-20.4081,57.7,78.8,94,40,18.41,MU,2021-01-11 22:23:25
131,Amuntai,-2.4177,115.2494,74.59,96,100,1.79,ID,2021-01-11 22:23:25
132,Kayerkan,69.3497,87.7602,-16.62,88,91,2.73,RU,2021-01-11 22:23:25
133,Asyut,27.181,31.1837,62.6,55,0,9.22,EG,2021-01-11 22:23:26
134,Anloga,5.7947,0.8973,80.6,89,20,8.05,GH,2021-01-11 22:23:26
135,Kabo,7.6994,18.629,74.25,19,2,4.45,CF,2021-01-11 22:23:26
136,Bowen,-20.0167,148.2333,75.2,94,90,12.66,AU,2021-01-11 22:23:26
137,Hokitika,-42.7167,170.9667,61.11,67,3,3.47,NZ,2021-01-11 22:23:26
138,Duncan,34.5023,-97.9578,48.0,42,1,9.22,US,2021-01-11 22:23:27
139,Axim,4.8699,-2.2405,79.83,86,0,9.71,GH,2021-01-11 22:20:38
140,Del Rio,29.3627,-100.8968,51.8,40,1,3.44,US,2021-01-11 22:23:27
141,Bereda,43.2686,-7.5406,28.0,97,5,1.99,ES,2021-01-11 22:23:27
142,Namie,37.4833,141.0,32.0,94,100,5.53,JP,2021-01-11 22:23:27
143,Sao Filipe,14.8961,-24.4956,70.36,72,60,18.01,CV,2021-01-11 22:23:27
144,Buraydah,26.326,43.975,51.8,76,0,4.61,SA,2021-01-11 22:22:02
145,Pergamino,-33.89,-60.5736,77.0,70,63,1.99,AR,2021-01-11 22:23:25
146,Leh,34.1667,77.5833,1.02,37,0,1.45,IN,2021-01-11 22:23:28
147,Bara,10.3744,10.7288,73.27,21,0,8.79,NG,2021-01-11 22:23:28
148,Mirador,-6.3708,-44.3631,76.05,87,97,1.72,BR,2021-01-11 22:23:28
149,Bambous Virieux,-20.3428,57.7575,79.0,94,40,18.41,MU,2021-01-11 22:23:29
150,Tacoronte,28.4769,-16.4102,57.99,82,75,8.05,ES,2021-01-11 22:23:29
151,Maceio,-9.6658,-35.7353,78.8,78,0,8.05,BR,2021-01-11 22:23:29
152,Olafsvik,64.8945,-23.7142,30.45,90,11,6.33,IS,2021-01-11 22:23:29
153,Fortuna,40.5982,-124.1573,61.0,67,1,8.05,US,2021-01-11 22:23:30
154,Leningradskiy,69.3833,178.4167,-22.34,83,100,13.85,RU,2021-01-11 22:23:30
155,East London,-33.0153,27.9116,73.49,87,95,13.91,ZA,2021-01-11 22:23:30
156,Pevek,69.7008,170.3133,-32.03,85,27,1.59,RU,2021-01-11 22:23:30
157,Hermanus,-34.4187,19.2345,69.01,85,95,3.0,ZA,2021-01-11 22:23:31
158,Santa Isabel Do Rio Negro,-0.4139,-65.0192,77.85,81,91,2.68,BR,2021-01-11 22:23:31
159,Chauk,20.8833,94.8167,69.1,61,99,0.94,MM,2021-01-11 22:23:31
160,Nanortalik,60.1432,-45.2371,30.7,93,100,5.66,GL,2021-01-11 22:23:31
161,Tezu,27.9167,96.1667,60.24,63,78,2.15,IN,2021-01-11 22:23:31
162,Pisco,-13.7,-76.2167,75.2,73,0,23.02,PE,2021-01-11 22:18:44
163,Mecca,21.4267,39.8261,72.09,43,0,7.63,SA,2021-01-11 22:23:32
164,Kousseri,12.0769,15.0306,75.2,19,24,11.5,CM,2021-01-11 22:23:32
165,Ponta Do Sol,32.6667,-17.1,59.0,63,75,12.66,PT,2021-01-11 22:23:33
166,Nantucket,41.2835,-70.0995,39.2,81,1,8.05,US,2021-01-11 22:21:33
167,Bay-Khaak,51.1667,94.5,3.6,92,100,1.54,RU,2021-01-11 22:23:33
168,Muros,42.7762,-9.0603,44.01,70,0,1.99,ES,2021-01-11 22:23:33
169,Klaksvik,62.2266,-6.589,35.6,75,40,21.85,FO,2021-01-11 22:23:33
170,Teofilo Otoni,-17.8575,-41.5053,74.41,85,7,3.11,BR,2021-01-11 22:23:34
171,Kahului,20.8947,-156.47,84.2,51,40,12.66,US,2021-01-11 22:23:34
172,Yukhnov,54.7444,35.2297,11.66,96,99,2.8,RU,2021-01-11 22:23:34
173,Tobermory,45.2501,-81.6665,32.0,80,100,12.66,CA,2021-01-11 22:23:35
174,Talovaya,51.1144,40.73,16.14,97,83,5.57,RU,2021-01-11 22:23:35
175,Ribeira Grande,38.5167,-28.7,62.6,94,75,12.66,PT,2021-01-11 22:23:35
176,Begun,24.9833,75.0,52.81,42,0,4.94,IN,2021-01-11 22:23:35
177,Xiuyan,40.2928,123.2744,11.82,96,100,2.68,CN,2021-01-11 22:23:35
178,Paldiski,59.3567,24.0531,30.99,93,90,11.5,EE,2021-01-11 22:23:36
179,Sao Jose Da Coroa Grande,-8.8978,-35.1478,78.48,78,86,9.53,BR,2021-01-11 22:23:36
180,Dumbea,-22.15,166.45,82.0,89,75,9.22,NC,2021-01-11 22:23:36
181,Carnarvon,-24.8667,113.6333,75.2,94,75,16.11,AU,2021-01-11 22:23:36
182,Balykshi,47.0667,51.8667,28.4,93,75,8.95,KZ,2021-01-11 22:23:37
183,Foam Lake,51.65,-103.5343,30.2,51,100,11.5,CA,2021-01-11 22:23:37
184,Ekibastuz,51.6667,75.3667,8.55,92,100,8.55,KZ,2021-01-11 22:23:37
185,San Patricio,28.017,-97.5169,51.8,54,75,14.97,US,2021-01-11 22:23:37
186,Port Macquarie,-31.4333,152.9167,75.0,65,5,1.99,AU,2021-01-11 22:23:37
187,Abu Samrah,35.3029,37.1841,54.68,46,97,3.06,SY,2021-01-11 22:23:38
188,Dunedin,-45.8742,170.5036,60.93,64,0,4.41,NZ,2021-01-11 22:21:03
189,Zhigansk,66.7697,123.3711,-43.55,79,76,9.98,RU,2021-01-11 22:23:38
190,La Ronge,55.1001,-105.2842,32.0,64,100,3.44,CA,2021-01-11 22:23:38
191,Darhan,49.4867,105.9228,2.25,92,100,5.75,MN,2021-01-11 22:23:38
192,Severo-Kurilsk,50.6789,156.125,23.92,93,95,24.56,RU,2021-01-11 22:23:39
193,Tortoli,39.9256,9.6572,46.4,71,40,23.02,IT,2021-01-11 22:23:39
194,Te Anau,-45.4167,167.7167,62.51,58,6,2.04,NZ,2021-01-11 22:23:39
195,Whitianga,-36.8333,175.7,68.81,69,32,11.63,NZ,2021-01-11 22:23:39
196,Panindicuaro,19.9667,-101.7667,69.8,40,1,11.5,MX,2021-01-11 22:23:39
197,Sur,22.5667,59.5289,65.73,49,0,11.79,OM,2021-01-11 22:23:40
198,San Carlos Del Zulia,9.0,-71.9135,80.64,82,78,4.59,VE,2021-01-11 22:23:40
199,Nome,64.5011,-165.4064,15.8,73,90,17.27,US,2021-01-11 22:23:40
200,Margate,51.3813,1.3862,46.0,76,100,4.0,GB,2021-01-11 22:23:40
201,Cavalcante,-13.7975,-47.4583,73.63,73,99,1.7,BR,2021-01-11 22:23:40
202,Birmingham,33.5207,-86.8025,43.0,87,90,10.36,US,2021-01-11 22:19:01
203,Tchollire,8.4022,14.1698,72.57,21,0,2.08,CM,2021-01-11 22:23:41
204,Kungurtug,50.5994,97.5228,7.2,90,100,5.08,RU,2021-01-11 22:23:41
205,Ulaangom,49.9811,92.0667,-22.86,85,88,2.08,MN,2021-01-11 22:23:41
206,Kloulklubed,7.0419,134.2556,78.8,94,90,6.91,PW,2021-01-11 22:23:42
207,Minyar,55.0709,57.5485,-2.31,90,100,4.72,RU,2021-01-11 22:23:42
208,Hayden,47.766,-116.7866,42.01,60,90,5.75,US,2021-01-11 22:22:27
209,Westport,41.1415,-73.3579,35.6,64,90,4.61,US,2021-01-11 22:19:11
210,Biak,-0.9131,122.8766,77.29,77,96,1.48,ID,2021-01-11 22:23:42
211,Las Vegas,36.175,-115.1372,59.0,19,1,3.44,US,2021-01-11 22:18:59
212,Arlit,18.7369,7.3853,75.42,17,0,8.43,NE,2021-01-11 22:23:43
213,Pochutla,15.7432,-96.4661,87.01,48,20,8.05,MX,2021-01-11 22:23:43
214,Ancud,-41.8697,-73.8203,61.0,51,0,13.8,CL,2021-01-11 22:23:43
215,Catamarca,-28.4696,-65.7852,84.0,51,6,12.53,AR,2021-01-11 22:23:43
216,Santa Maria,-29.6842,-53.8069,96.8,44,40,8.05,BR,2021-01-11 22:23:43
217,Bogovarovo,58.9785,47.0246,-14.64,88,93,6.6,RU,2021-01-11 22:23:44
218,Alice Springs,-23.7,133.8833,82.4,44,0,6.91,AU,2021-01-11 22:19:01
219,Buala,-8.145,159.5921,81.93,80,100,8.05,SB,2021-01-11 22:23:44
220,Kieta,-6.2167,155.6333,78.37,86,100,5.35,PG,2021-01-11 22:23:45
221,Puerto Rondon,6.2805,-71.1,78.49,83,47,7.78,CO,2021-01-11 22:23:45
222,Mount Gambier,-37.8333,140.7667,60.8,59,90,12.66,AU,2021-01-11 22:23:45
223,Hami,42.8,93.45,12.45,83,0,1.21,CN,2021-01-11 22:19:14
224,Ketchikan,55.3422,-131.6461,44.6,81,75,16.11,US,2021-01-11 22:23:45
225,Santa Cruz,-17.8,-63.1667,78.8,83,75,20.71,BO,2021-01-11 22:23:46
226,Labuhan,-6.8844,112.2051,78.37,86,93,7.78,ID,2021-01-11 22:23:46
227,Plettenberg Bay,-34.0527,23.3716,68.92,92,47,8.01,ZA,2021-01-11 22:23:46
228,Tirumullaivasal,11.2333,79.8333,75.61,89,100,12.57,IN,2021-01-11 22:23:46
229,West Wendover,40.7391,-114.0733,33.8,60,1,5.75,US,2021-01-11 22:23:46
230,Velykyy Klyuchiv,48.4709,24.9468,25.39,97,63,2.51,UA,2021-01-11 22:23:47
231,Kununurra,-15.7667,128.7333,78.8,94,78,4.61,AU,2021-01-11 22:23:47
232,Constitucion,-35.3333,-72.4167,62.1,50,0,20.8,CL,2021-01-11 22:23:47
233,Novopavlovka,51.2172,109.2091,-5.08,89,100,1.59,RU,2021-01-11 22:23:47
234,Ulladulla,-35.35,150.4667,75.99,64,0,6.91,AU,2021-01-11 22:23:48
235,Okha,53.5739,142.9478,-15.95,86,97,2.64,RU,2021-01-11 22:23:48
236,Maniitsoq,65.4167,-52.9,20.14,95,100,3.27,GL,2021-01-11 22:23:48
237,Baykit,61.67,96.37,-22.95,81,96,1.54,RU,2021-01-11 22:23:48
238,Necochea,-38.5473,-58.7368,63.0,64,50,21.23,AR,2021-01-11 22:23:48
239,Chara,56.9064,118.2631,-19.64,75,100,0.16,RU,2021-01-11 22:23:49
240,Vila Velha,-20.3297,-40.2925,80.6,78,75,11.5,BR,2021-01-11 22:23:49
241,Kalmunai,7.4167,81.8167,75.72,93,100,7.74,LK,2021-01-11 22:23:49
242,Rosetta,31.4044,30.4164,64.4,82,0,6.91,EG,2021-01-11 22:23:49
243,Grand-Bourg,15.8835,-61.3148,78.8,83,75,11.5,GP,2021-01-11 22:23:50
244,Kwinana,-32.25,115.7667,66.99,55,100,14.97,AU,2021-01-11 22:23:50
245,Caravelas,-17.7125,-39.2481,77.49,83,0,7.83,BR,2021-01-11 22:23:50
246,Bontang,0.1333,117.5,76.66,88,87,7.56,ID,2021-01-11 22:23:50
247,Yanam,16.7333,82.2167,68.9,94,90,2.93,IN,2021-01-11 22:23:51
248,Kashan,33.9831,51.4364,41.47,55,0,1.66,IR,2021-01-11 22:23:51
249,Miraflores,19.2167,-98.8083,66.2,37,40,13.8,MX,2021-01-11 22:23:51
250,Padang,-0.9492,100.3543,75.25,88,100,5.03,ID,2021-01-11 22:23:51
251,Quesnel,52.9999,-122.5029,46.4,57,1,14.97,CA,2021-01-11 22:23:52
252,Sioux Lookout,50.1001,-91.917,24.8,80,75,3.44,CA,2021-01-11 22:23:52
253,Alta Floresta,-9.8756,-56.0861,76.37,93,94,2.13,BR,2021-01-11 22:23:52
254,Cherskiy,68.75,161.3,-35.57,80,0,0.51,RU,2021-01-11 22:23:52
255,Pontes E Lacerda,-15.2261,-59.3353,85.41,64,73,6.22,BR,2021-01-11 22:21:49
256,Pascagoula,30.3658,-88.5561,44.6,87,90,12.66,US,2021-01-11 22:23:53
257,Aklavik,68.2191,-135.0107,3.2,85,100,2.3,CA,2021-01-11 22:23:53
258,Buchanan,5.8808,-10.0467,75.2,94,75,7.54,LR,2021-01-11 22:19:02
259,Sabzevar,36.2126,57.6819,33.48,71,0,1.1,IR,2021-01-11 22:20:54
260,Kaeo,-35.1,173.7833,70.29,57,50,6.42,NZ,2021-01-11 22:23:54
261,Esperance,-33.8667,121.9,55.4,71,62,8.05,AU,2021-01-11 22:23:54
262,Vao,-22.6667,167.4833,78.21,85,98,20.74,NC,2021-01-11 22:23:54
263,Dingle,10.9995,122.6711,74.32,90,100,12.21,PH,2021-01-11 22:23:55
264,Ismailia,30.6043,32.2723,63.19,51,0,9.15,EG,2021-01-11 22:23:55
265,Mount Isa,-20.7333,139.5,86.0,51,2,6.91,AU,2021-01-11 22:23:55
266,Geraldton,-28.7667,114.6,73.4,78,36,16.11,AU,2021-01-11 22:23:55
267,A Coruna,43.3713,-8.396,46.99,100,0,2.3,ES,2021-01-11 22:23:55
268,Bratsk,56.1325,101.6142,-16.01,76,75,6.71,RU,2021-01-11 22:23:56
269,Luanda,-8.8368,13.2343,77.0,78,20,4.61,AO,2021-01-11 22:22:59
270,Kendari,-3.945,122.4989,75.49,94,66,3.78,ID,2021-01-11 22:23:56
271,Inhambane,-23.865,35.3833,76.91,85,6,7.27,MZ,2021-01-11 22:21:35
272,Boguchany,58.3814,97.4531,-28.7,82,0,2.75,RU,2021-01-11 22:23:57
273,Saint Anthony,45.0205,-93.218,35.6,64,1,6.91,US,2021-01-11 22:23:57
274,Paracuru,-3.41,-39.0306,81.0,76,79,13.0,BR,2021-01-11 22:23:58
275,Itarema,-2.9248,-39.9167,78.22,79,2,11.59,BR,2021-01-11 22:23:58
276,Teya,60.3778,92.6267,-17.57,85,91,3.96,RU,2021-01-11 22:23:58
277,Presidencia Roque Saenz Pena,-26.7852,-60.4388,102.07,29,47,9.89,AR,2021-01-11 22:23:58
278,Roblin,51.23,-101.3565,17.94,95,95,7.2,CA,2021-01-11 22:23:59
279,Mongo,12.1844,18.693,69.17,22,11,6.71,TD,2021-01-11 22:23:59
280,Ostrovnoy,68.0531,39.5131,4.24,91,1,16.69,RU,2021-01-11 22:23:59
281,Kudahuvadhoo,2.6708,72.8944,81.05,78,89,13.67,MV,2021-01-11 22:23:59
282,Tazovskiy,67.4667,78.7,0.93,93,100,14.07,RU,2021-01-11 22:23:59
283,Hofn,64.2539,-15.2082,30.27,86,0,4.0,IS,2021-01-11 22:23:59
284,Varna,43.2167,27.9167,44.6,93,90,13.8,BG,2021-01-11 22:24:00
285,Veraval,20.9,70.3667,71.37,36,1,13.85,IN,2021-01-11 22:24:00
286,Barinas,8.6226,-70.2075,80.89,70,90,4.27,VE,2021-01-11 22:24:00
287,Talnakh,69.4865,88.3972,-19.91,87,99,0.45,RU,2021-01-11 22:24:00
288,Norman Wells,65.282,-126.8329,1.4,92,90,3.44,CA,2021-01-11 22:24:01
289,Singkang,2.1006,102.7994,75.2,88,20,2.3,MY,2021-01-11 22:24:01
290,Hithadhoo,-0.6,73.0833,80.73,79,76,17.11,MV,2021-01-11 22:24:01
291,Halifax,44.6453,-63.5724,35.6,64,57,12.66,CA,2021-01-11 22:21:11
292,Pierre,44.3683,-100.351,48.99,54,29,11.99,US,2021-01-11 22:24:01
293,Saint-Leu,-21.15,55.2833,78.8,89,20,4.61,RE,2021-01-11 22:24:02
294,Ayan,56.45,138.1667,-24.47,72,0,8.12,RU,2021-01-11 22:24:02
295,Buckeye,33.3703,-112.5838,66.99,19,0,1.01,US,2021-01-11 22:24:02
296,Nowogard,53.6744,15.1163,35.01,86,90,10.36,PL,2021-01-11 22:24:02
297,Dicabisagan,17.0818,122.4157,69.55,76,74,9.8,PH,2021-01-11 22:24:02
298,Akyab,20.15,92.9,69.37,74,98,6.13,MM,2021-01-11 22:24:03
299,Ouango,4.3133,22.5552,70.11,29,21,1.61,CF,2021-01-11 22:24:03
300,Carupano,10.6678,-63.2585,76.64,82,38,9.37,VE,2021-01-11 22:24:03
301,Kruisfontein,-34.0033,24.7314,66.99,93,100,4.0,ZA,2021-01-11 22:24:03
302,Atar,20.5169,-13.0499,59.97,42,100,10.4,MR,2021-01-11 22:24:04
303,Marquette,46.5333,-87.6335,28.99,83,100,4.0,US,2021-01-11 22:24:04
304,Mengcheng,33.2579,116.5655,30.02,81,0,11.18,CN,2021-01-11 22:24:04
305,Cap Malheureux,-19.9842,57.6142,79.0,89,97,11.99,MU,2021-01-11 22:24:04
306,Katy,29.7858,-95.8244,42.01,75,90,12.66,US,2021-01-11 22:23:02
307,Bilibino,68.0546,166.4372,-26.52,80,1,2.21,RU,2021-01-11 22:24:05
308,Artyom,40.4723,50.333,42.8,93,90,4.61,AZ,2021-01-11 22:24:05
309,Ulaanbaatar,47.9077,106.8832,-2.2,78,75,2.24,MN,2021-01-11 22:24:05
310,Jiwani,25.05,61.7417,64.81,27,0,7.2,PK,2021-01-11 22:24:05
311,Hirara,24.8,125.2833,53.6,87,75,16.11,JP,2021-01-11 22:24:06
312,Vokhtoga,58.8147,41.0461,-11.29,90,87,4.23,RU,2021-01-11 22:24:06
313,Arrecife,28.963,-13.5477,57.2,77,20,5.75,ES,2021-01-11 22:24:06
314,Lorengau,-2.0226,147.2712,83.98,74,100,7.94,PG,2021-01-11 22:24:06
315,Usevya,-7.1,31.2333,64.58,88,80,1.21,TZ,2021-01-11 22:24:07
316,Hay River,60.8156,-115.7999,33.8,75,24,10.36,CA,2021-01-11 22:19:28
317,Chuy,-33.6971,-53.4616,72.95,90,100,8.59,UY,2021-01-11 22:24:07
318,Kongolo,-5.3833,27.0,70.21,93,100,1.5,CD,2021-01-11 22:21:20
319,Puerto Escondido,15.85,-97.0667,80.6,69,20,4.61,MX,2021-01-11 22:24:07
320,Independence,39.0911,-94.4155,44.6,56,1,13.8,US,2021-01-11 22:24:08
321,Longhua,23.6137,114.1919,32.86,80,2,3.47,CN,2021-01-11 22:24:08
322,Luganville,-15.5333,167.1667,85.55,69,100,5.79,VU,2021-01-11 22:24:08
323,Truth Or Consequences,33.1284,-107.2528,46.99,36,1,4.61,US,2021-01-11 22:24:08
324,Masuguru,-11.3667,38.4167,72.79,95,95,3.47,TZ,2021-01-11 22:24:08
325,Shelburne,44.0787,-80.2041,30.0,91,99,11.3,CA,2021-01-11 22:24:09
326,Porecatu,-22.7558,-51.3792,91.4,43,0,9.22,BR,2021-01-11 22:24:09
327,Katsuura,35.1333,140.3,37.0,69,40,5.75,JP,2021-01-11 22:24:09
328,Matay,28.419,30.7792,63.84,41,0,8.88,EG,2021-01-11 22:24:09
329,Barrow,71.2906,-156.7887,1.4,71,90,26.46,US,2021-01-11 22:24:09
330,Kedrovyy,56.1667,91.8167,-13.0,77,0,6.71,RU,2021-01-11 22:24:10
331,Sainte-Rose,16.3324,-61.6979,78.8,69,0,9.22,GP,2021-01-11 22:24:10
332,Berbera,10.4396,45.0143,74.28,62,8,8.57,SO,2021-01-11 22:24:10
333,Tukrah,32.5341,20.5791,70.54,41,0,27.92,LY,2021-01-11 22:20:12
334,Igarka,67.4667,86.5833,-5.37,91,99,3.27,RU,2021-01-11 22:24:11
335,Mogadishu,2.0371,45.3438,75.9,77,0,22.93,SO,2021-01-11 22:24:11
336,Los Aquijes,-14.0967,-75.6908,75.2,73,0,23.02,PE,2021-01-11 22:24:11
337,Vardo,70.3705,31.1107,17.6,86,75,19.57,NO,2021-01-11 22:24:11
338,Bisert,56.8617,59.0523,-15.56,87,100,12.88,RU,2021-01-11 22:24:12
339,Sorland,67.667,12.6934,32.16,89,0,19.77,NO,2021-01-11 22:24:12
340,Rio Grande,-32.035,-52.0986,73.08,94,100,16.93,BR,2021-01-11 22:19:23
341,Chernyy Yar,48.0624,46.1091,25.34,91,98,7.23,RU,2021-01-11 22:24:13
342,Ozieri,40.586,9.0012,41.0,93,40,3.44,IT,2021-01-11 22:24:13
343,Kavieng,-2.5744,150.7967,83.37,75,98,9.35,PG,2021-01-11 22:24:13
344,Santiago De Cao,-7.9589,-79.2392,72.14,75,12,14.5,PE,2021-01-11 22:24:14
345,Natal,-5.795,-35.2094,80.6,74,40,11.5,BR,2021-01-11 22:20:31
346,Coos Bay,43.3665,-124.2179,57.99,71,75,5.75,US,2021-01-11 22:24:14
347,Northam,51.0333,-4.2167,48.99,95,100,18.01,GB,2021-01-11 22:24:14
348,Victoria,22.2855,114.1577,48.99,33,10,23.51,HK,2021-01-11 22:23:05
349,Lasa,46.6166,10.7002,15.8,53,0,6.91,IT,2021-01-11 22:24:15
350,Port Augusta,-32.5,137.7667,71.01,63,40,16.11,AU,2021-01-11 22:24:15
351,Port Lincoln,-34.7333,135.8667,60.89,71,42,14.05,AU,2021-01-11 22:24:15
352,Guerrero Negro,27.9769,-114.0611,71.02,23,0,10.67,MX,2021-01-11 22:24:16
353,Kyabe,9.4515,18.9449,71.96,20,0,3.96,TD,2021-01-11 22:24:16
354,Sabang,5.8933,95.3214,81.03,80,40,20.96,ID,2021-01-11 22:24:16
355,Newport,51.5877,-2.9984,48.99,95,100,7.0,GB,2021-01-11 22:19:56
356,Pangnirtung,66.1451,-65.7125,1.4,78,20,3.44,CA,2021-01-11 22:24:16
357,Eldorado,-23.7869,-54.2836,83.59,72,70,4.59,BR,2021-01-11 22:24:16
358,Kokomo,40.4864,-86.1336,25.0,93,90,13.8,US,2021-01-11 22:23:02
359,Komsomolskiy,40.4272,71.7189,26.6,59,0,6.91,UZ,2021-01-11 22:24:18
360,Shaunavon,49.6501,-108.4181,26.6,80,75,12.66,CA,2021-01-11 22:24:18
361,Puerto Suarez,-18.95,-57.8,93.2,62,20,6.91,BO,2021-01-11 22:24:18
362,Bathsheba,13.2167,-59.5167,73.4,88,20,5.75,BB,2021-01-11 22:24:18
363,Shenzhen,22.5455,114.0683,44.01,52,63,1.01,CN,2021-01-11 22:20:43
364,Cockburn Town,21.4612,-71.1419,78.8,73,40,11.5,TC,2021-01-11 22:24:19
365,Mizdah,31.4451,12.9801,58.57,62,81,3.89,LY,2021-01-11 22:22:30
366,Beira,-19.8436,34.8389,82.4,83,20,8.05,MZ,2021-01-11 22:24:19
367,Barsovo,61.1667,73.1667,-34.6,74,20,4.47,RU,2021-01-11 22:24:19
368,Ruteng,-8.6136,120.4721,64.15,100,77,0.56,ID,2021-01-11 22:24:20
369,Saint-Joseph,-21.3667,55.6167,78.8,89,20,4.61,RE,2021-01-11 22:24:20
370,Katangli,51.7102,143.2326,-12.86,86,5,6.15,RU,2021-01-11 22:24:20
371,Karasjok,69.4719,25.5112,8.6,72,90,19.57,NO,2021-01-11 22:24:20
372,Turukhansk,65.8167,87.9833,-6.52,92,100,8.16,RU,2021-01-11 22:24:21
373,Hasaki,35.7333,140.8333,36.0,100,75,9.22,JP,2021-01-11 22:24:21
374,Cartagena,10.3997,-75.5144,86.0,70,40,11.5,CO,2021-01-11 22:20:22
375,Cherbourg,49.6386,-1.6147,46.99,87,90,19.57,FR,2021-01-11 22:24:21
376,Zwedru,6.0667,-8.1281,73.22,95,95,4.97,LR,2021-01-11 22:24:21
377,Kyzyl-Oktyabr,42.769,75.7313,30.94,64,0,11.63,KG,2021-01-11 22:24:22
378,Felanitx,39.4696,3.1483,46.0,87,40,5.84,ES,2021-01-11 22:24:22
379,Baiyin,36.5583,104.2081,1.4,66,0,8.95,CN,2021-01-11 22:24:22
380,Oranjemund,-28.55,16.4333,63.46,89,1,7.49,NA,2021-01-11 22:24:23
381,Tyumentsevo,53.3224,81.498,-1.71,91,100,12.28,RU,2021-01-11 22:24:23
382,Palmer,42.1584,-72.3287,28.0,74,90,3.44,US,2021-01-11 22:24:23
383,Qaqortoq,60.7167,-46.0333,42.8,33,75,23.02,GL,2021-01-11 22:24:24
384,Wattegama,6.7989,81.4808,73.4,100,40,2.3,LK,2021-01-11 22:24:24
385,Broome,42.2506,-75.833,32.0,74,90,3.04,US,2021-01-11 22:22:51
386,Port Hardy,50.6996,-127.4199,48.2,87,40,16.11,CA,2021-01-11 22:24:25
387,Olga,43.7444,135.2892,8.64,80,100,3.13,RU,2021-01-11 22:24:25
388,Baker City,44.7749,-117.8344,35.6,55,1,18.41,US,2021-01-11 22:24:25
389,Toccoa,34.5773,-83.3324,42.8,87,90,2.98,US,2021-01-11 22:24:25
390,Hammerfest,70.6634,23.6821,19.4,68,0,16.11,NO,2021-01-11 22:24:25
391,Yarmouth,41.7057,-70.2286,39.2,70,75,6.91,US,2021-01-11 22:20:41
392,Sheridan,44.8333,-106.9173,45.0,52,1,6.91,US,2021-01-11 22:21:39
393,Gizo,-8.103,156.8419,82.63,73,94,2.98,SB,2021-01-11 22:24:26
394,Umm Kaddadah,13.6017,26.6876,65.89,26,0,15.75,SD,2021-01-11 22:24:26
395,Warud,21.4667,78.2667,66.47,63,1,4.32,IN,2021-01-11 22:24:26
396,Baglan,36.1307,68.7083,40.51,52,0,0.98,AF,2021-01-11 22:24:27
397,Waingapu,-9.6567,120.2641,80.65,76,62,2.19,ID,2021-01-11 22:24:27
398,Chandauli,25.2667,83.2667,55.4,88,1,6.96,IN,2021-01-11 22:23:41
399,Macusani,-14.0833,-70.4333,45.12,68,83,7.36,PE,2021-01-11 22:24:27
400,Aykhal,66.0,111.5,-31.77,80,67,5.5,RU,2021-01-11 22:24:28
401,Nadym,65.5333,72.5167,-16.53,81,76,12.37,RU,2021-01-11 22:24:28
402,Follonica,42.9263,10.7616,41.0,63,37,8.7,IT,2021-01-11 22:20:05
403,Aswan,24.0934,32.907,64.8,56,0,9.93,EG,2021-01-11 22:24:29
404,Ust-Omchug,61.15,149.6333,-15.88,85,100,4.97,RU,2021-01-11 22:24:29
405,Nouadhibou,20.931,-17.0347,66.2,52,100,24.16,MR,2021-01-11 22:24:30
406,Achacachi,-16.05,-68.6833,51.37,70,92,9.73,BO,2021-01-11 22:24:30
407,Gat,31.61,34.7642,66.0,52,89,7.34,IL,2021-01-11 22:24:30
408,Wanning,18.8003,110.3967,53.13,71,100,15.86,CN,2021-01-11 22:24:30
409,Whithorn,18.2604,-78.0378,81.0,78,20,17.27,JM,2021-01-11 22:24:31
410,Gejiu,23.306,103.1635,23.47,100,100,2.86,CN,2021-01-11 22:21:30
411,Shellbrook,53.2168,-106.4011,21.2,73,90,3.44,CA,2021-01-11 22:24:31
412,Daru,-9.0763,143.2092,80.8,78,81,3.51,PG,2021-01-11 22:24:31
413,Garango,11.8,-0.5506,76.19,18,0,6.38,BF,2021-01-11 22:24:31
414,Konstantinovka,49.6167,127.9833,-7.67,91,100,1.28,RU,2021-01-11 22:24:32
415,Teknaf,20.8624,92.3058,67.91,72,100,6.11,BD,2021-01-11 22:24:32
416,Brae,60.3964,-1.353,39.2,75,75,19.57,GB,2021-01-11 22:24:32
417,Ubinskoye,55.3068,79.6802,-23.87,86,64,9.84,RU,2021-01-11 22:24:32
418,Jijiga,9.35,42.8,56.28,59,66,10.07,ET,2021-01-11 22:24:32
419,Nizhniy Tsasuchey,50.5167,115.1333,2.95,92,100,2.91,RU,2021-01-11 22:24:33
420,Verkhoyansk,67.5447,133.385,-43.01,71,45,1.5,RU,2021-01-11 22:24:33
421,Mwene-Ditu,-7.0,23.45,65.61,96,78,2.15,CD,2021-01-11 22:24:33
422,Opuwo,-18.0607,13.84,66.07,66,63,8.1,NA,2021-01-11 22:24:33
423,Sola,-13.8833,167.55,86.0,84,75,2.3,VU,2021-01-11 22:24:33
424,Heishan,41.6892,122.1128,11.12,91,98,3.24,CN,2021-01-11 22:24:34
425,Tautira,-17.7333,-149.15,84.2,70,75,4.61,PF,2021-01-11 22:24:34
426,Queseria,19.3667,-103.5833,80.6,36,20,6.98,MX,2021-01-11 22:24:34
427,Anadyr,64.75,177.4833,-31.0,68,0,11.18,RU,2021-01-11 22:24:34
428,Tiznit,29.5833,-9.5,48.85,81,55,3.47,MA,2021-01-11 22:24:34
429,Santa Vitoria Do Palmar,-33.5189,-53.3681,72.72,90,100,8.68,BR,2021-01-11 22:24:35
430,Moron,-34.6534,-58.6198,77.0,65,0,8.05,AR,2021-01-11 22:24:35
431,Tarko-Sale,64.9225,77.785,-16.69,82,13,16.8,RU,2021-01-11 22:24:35
432,Antsohihy,-14.8796,47.9875,75.92,89,96,1.43,MG,2021-01-11 22:24:35
433,Portland,45.5234,-122.6762,48.0,76,90,16.11,US,2021-01-11 22:20:34
434,Port Hawkesbury,45.6169,-61.3485,26.01,93,1,2.3,CA,2021-01-11 22:24:36
435,Pecos,31.4229,-103.4932,37.4,65,90,5.75,US,2021-01-11 22:24:36
436,Kericho,-0.3677,35.2831,54.39,96,93,4.07,KE,2021-01-11 22:24:36
437,Kargasok,59.0556,80.8572,-27.99,85,9,6.08,RU,2021-01-11 22:24:36
438,Camacha,33.0833,-16.3333,59.0,47,40,8.05,PT,2021-01-11 22:24:37
439,Lumeje,-11.55,20.7833,65.52,90,54,3.91,AO,2021-01-11 22:24:37
440,Manaure,11.7751,-72.4445,83.57,62,75,24.16,CO,2021-01-11 22:24:38
441,Kondinskoye,59.6481,67.41,-26.82,86,0,6.91,RU,2021-01-11 22:24:38
442,Canavieiras,-15.675,-38.9472,77.31,85,1,6.71,BR,2021-01-11 22:24:38
443,Denpasar,-8.65,115.2167,78.8,94,75,2.3,ID,2021-01-11 22:24:16
444,Santa Rosa,14.3122,121.1114,75.2,73,75,2.3,PH,2021-01-11 22:24:39
445,Karratha,-20.7377,116.8463,84.54,72,6,9.1,AU,2021-01-11 22:24:39
446,Mehamn,71.0357,27.8492,15.8,62,0,9.22,NO,2021-01-11 22:24:39
447,Nizhniy Kuranakh,58.8353,125.4869,-33.77,78,62,1.57,RU,2021-01-11 22:24:40
448,San Juan Bautista,-14.0108,-75.7358,75.2,73,0,23.02,PE,2021-01-11 22:24:40
449,Clyde River,70.4692,-68.5914,3.2,85,90,19.57,CA,2021-01-11 22:24:40
450,Ryki,51.6257,21.9327,28.0,50,46,9.91,PL,2021-01-11 22:24:40
451,Nyurba,63.2842,118.3319,-42.3,81,98,0.94,RU,2021-01-11 22:24:41
452,Madimba,-10.4,40.3333,75.2,94,90,12.66,TZ,2021-01-11 22:24:41
453,Formosa Do Rio Preto,-11.0483,-45.1931,77.11,68,90,2.08,BR,2021-01-11 22:24:41
454,Zhangye,38.9342,100.4517,19.63,65,0,6.15,CN,2021-01-11 22:24:41
455,Rassvet,46.8333,40.75,28.71,95,94,4.5,RU,2021-01-11 22:24:41
456,Sumkino,58.1108,68.3244,-21.14,86,62,7.0,RU,2021-01-11 22:24:42
457,Emilio Carranza,19.9711,-96.6114,57.15,77,100,13.44,MX,2021-01-11 22:24:42
458,Morant Bay,17.8815,-76.4093,82.99,74,20,20.71,JM,2021-01-11 22:24:42
459,Maracacume,-2.0428,-45.9592,77.52,77,81,4.54,BR,2021-01-11 22:24:42
460,Grand Gaube,-20.0064,57.6608,79.0,89,97,13.0,MU,2021-01-11 22:24:43
461,Hwange,-18.3693,26.5019,71.62,89,100,2.04,ZW,2021-01-11 22:24:43
462,Kharabali,47.4196,47.2568,30.99,98,100,1.01,RU,2021-01-11 22:20:22
463,Inuvik,68.3499,-133.7218,3.2,85,100,2.3,CA,2021-01-11 22:24:43
464,Goundi,9.3627,17.366,72.23,20,0,2.89,TD,2021-01-11 22:24:44
465,Bonavista,48.6499,-53.1147,27.0,93,40,13.2,CA,2021-01-11 22:24:44
466,Bahia Honda,22.9036,-83.1592,73.51,76,100,3.69,CU,2021-01-11 22:24:44
467,Iralaya,15.0,-83.2333,78.71,85,100,13.24,HN,2021-01-11 22:24:44
468,Kalmar,56.6616,16.3616,37.99,100,90,17.27,SE,2021-01-11 22:24:44
469,Chirongui,-12.9319,45.1483,78.8,83,0,3.44,YT,2021-01-11 22:24:45
470,Batagay,67.6333,134.6333,-42.0,76,0,3.02,RU,2021-01-11 22:24:45
471,Moba,33.2288,105.0179,18.37,81,0,3.85,CN,2021-01-11 22:24:45
472,Khasan,42.4308,130.6434,15.58,91,89,8.25,RU,2021-01-11 22:24:45
473,Fairview,40.8126,-73.999,37.99,56,1,4.05,US,2021-01-11 22:24:46
474,Cabedelo,-6.9811,-34.8339,78.8,83,20,6.91,BR,2021-01-11 22:24:46
475,Sept-Iles,50.2001,-66.3821,21.0,68,1,3.44,CA,2021-01-11 22:24:46
476,Canico,32.6333,-16.85,59.0,63,75,12.66,PT,2021-01-11 22:24:46
477,Ishigaki,24.3448,124.1572,51.8,93,75,18.41,JP,2021-01-11 22:24:46
478,Port-Gentil,-0.7193,8.7815,80.6,89,20,6.91,GA,2021-01-11 22:24:47
479,Waipawa,-41.4122,175.5153,66.99,88,61,9.22,NZ,2021-01-11 22:24:47
480,San Cristobal,7.7669,-72.225,84.2,54,40,12.66,VE,2021-01-11 22:24:47
481,Seoul,37.5683,126.9778,14.0,73,52,4.61,KR,2021-01-11 22:21:51
482,Carbonia,39.1672,8.5222,48.2,81,40,3.44,IT,2021-01-11 22:24:47
483,Piacabucu,-10.4056,-36.4344,79.16,79,100,13.62,BR,2021-01-11 22:24:48
484,Alacranes,22.7675,-81.5675,77.0,73,75,6.91,CU,2021-01-11 22:24:48
485,Lerwick,60.1545,-1.1494,39.2,75,75,19.57,GB,2021-01-11 22:24:48
486,Soc Trang,9.6033,105.98,71.6,88,20,5.75,VN,2021-01-11 22:24:48
487,Touros,-5.1989,-35.4608,80.6,74,40,12.66,BR,2021-01-11 22:24:48
488,Gazanjyk,39.2446,55.5154,38.48,84,0,5.23,TM,2021-01-11 22:24:49
489,Talas,38.6908,35.5538,50.0,87,75,3.44,TR,2021-01-11 22:24:49
490,Avera,33.194,-82.5271,48.2,81,90,5.75,US,2021-01-11 22:21:53
491,Warrington,53.3925,-2.5802,48.2,93,75,17.27,GB,2021-01-11 22:24:50
492,El Alto,-4.2714,-81.2147,78.8,61,0,14.97,PE,2021-01-11 22:24:50
493,Tual,-5.6667,132.75,84.16,74,97,3.78,ID,2021-01-11 22:24:50
494,Snyder,32.7179,-100.9176,37.4,60,75,4.61,US,2021-01-11 22:24:50
495,Taoudenni,22.6783,-3.9836,61.83,30,90,9.86,ML,2021-01-11 22:24:51
496,Abu Kamal,34.4506,40.9171,52.88,39,0,3.74,SY,2021-01-11 22:24:51
497,Lingao,19.9103,109.6859,52.97,56,99,9.57,CN,2021-01-11 22:24:51
498,Suixi,33.8907,116.7747,28.49,80,0,8.68,CN,2021-01-11 22:24:51
499,Ust-Nera,64.5667,143.2,-32.94,73,67,4.07,RU,2021-01-11 22:24:51
500,Iqaluit,63.7506,-68.5145,6.8,78,90,4.52,CA,2021-01-11 22:24:52
501,Praia,14.9215,-23.5087,69.8,73,75,19.57,CV,2021-01-11 22:24:52
502,Villa Maria,-32.4075,-63.2402,76.14,48,58,20.94,AR,2021-01-11 22:24:52
503,Kuusamo,65.9667,29.1833,3.2,85,90,10.36,FI,2021-01-11 22:24:52
504,Dalhousie,32.5333,75.9833,35.51,63,0,8.03,IN,2021-01-11 22:24:52
505,Ternate,0.8,127.4,82.13,72,93,1.74,ID,2021-01-11 22:24:53
506,Chabahar,25.2919,60.643,64.33,43,0,8.14,IR,2021-01-11 22:24:53
507,Kuruman,-27.4524,23.4325,66.99,94,100,7.36,ZA,2021-01-11 22:24:53
508,Mastung,29.7994,66.845,34.47,63,0,3.09,PK,2021-01-11 22:24:53
509,Jalu,29.0331,21.5482,64.42,43,63,9.82,LY,2021-01-11 22:24:53
510,Chunskiy,56.0815,99.6342,-11.96,88,100,7.27,RU,2021-01-11 22:24:54
511,Gibsons,49.3997,-123.5027,48.0,87,100,3.44,CA,2021-01-11 22:24:54
512,Kamuli,0.9472,33.1197,67.33,79,62,2.51,UG,2021-01-11 22:24:54
513,Sehithwa,-20.4667,22.7167,74.17,71,31,5.79,BW,2021-01-11 22:24:54
514,Vallenar,-28.5708,-70.7581,84.54,18,0,6.98,CL,2021-01-11 22:24:54
515,Jonava,55.0833,24.2833,32.0,80,90,9.22,LT,2021-01-11 22:24:55
516,Amapa,1.0,-52.0,74.79,97,100,3.65,BR,2021-01-11 22:24:55
517,Sao Joao Do Piaui,-8.3581,-42.2467,74.98,90,86,3.27,BR,2021-01-11 22:24:55
518,Honiara,-9.4333,159.95,83.68,72,100,0.87,SB,2021-01-11 22:23:11
519,Along,28.1667,94.7667,57.51,73,85,0.85,IN,2021-01-11 22:24:56
520,Sanawad,22.1833,76.0667,57.2,100,0,5.75,IN,2021-01-11 22:24:56
521,Araouane,18.9048,-3.5265,65.82,26,0,12.77,ML,2021-01-11 22:24:56
522,Jardim,-21.4803,-56.1381,87.89,53,0,0.58,BR,2021-01-11 22:24:56
523,Mantua,45.1667,10.7833,30.99,88,0,1.99,IT,2021-01-11 22:24:56
524,Nizhnyaya Tavda,57.6731,66.1725,-19.93,86,99,8.72,RU,2021-01-11 22:24:57
525,Milkovo,54.7167,158.6167,-7.6,87,4,1.9,RU,2021-01-11 22:24:57
526,Chipinge,-20.1883,32.6236,66.43,100,55,6.4,ZW,2021-01-11 22:24:57
527,Liverpool,53.4106,-2.9779,48.99,93,75,17.27,GB,2021-01-11 22:23:47
528,Alindao,5.0267,21.2088,71.58,22,0,4.16,CF,2021-01-11 22:24:58
529,Slave Lake,55.2834,-114.769,24.8,80,100,5.75,CA,2021-01-11 22:24:58
530,Acari,-15.4311,-74.6158,75.36,62,82,9.24,PE,2021-01-11 22:24:58
531,Namibe,-15.1961,12.1522,72.99,65,85,8.93,AO,2021-01-11 22:24:58
532,Miramar,25.9873,-80.2323,75.2,60,40,3.44,US,2021-01-11 22:24:59
533,Sikeston,36.8767,-89.5879,32.0,74,90,3.44,US,2021-01-11 22:24:59
534,Narashino,35.6833,140.0333,37.99,44,89,3.8,JP,2021-01-11 22:24:59
535,Kichera,55.9375,110.0997,-4.41,83,100,3.22,RU,2021-01-11 22:24:59
536,Barcelos,41.5388,-8.6151,43.0,81,0,6.91,PT,2021-01-11 22:23:05
537,Sabaudia,41.3003,13.0282,45.0,90,97,7.11,IT,2021-01-11 22:24:59
538,Hamilton,39.1834,-84.5333,30.2,64,75,4.61,US,2021-01-11 22:24:47
539,Santa,17.486,120.4348,66.13,77,0,10.65,PH,2021-01-11 22:25:00
540,Hervey Bay,-25.2986,152.8535,78.01,72,10,4.0,AU,2021-01-11 22:20:55
541,Kamenka,51.3223,42.7678,8.22,96,78,4.7,RU,2021-01-11 22:25:00
542,Latung,5.5,120.8833,82.42,72,63,0.81,PH,2021-01-11 22:25:01
543,Batamshinskiy,50.5594,58.2747,3.2,78,90,11.18,KZ,2021-01-11 22:25:01
544,Riyadh,24.6877,46.7219,51.8,58,0,6.91,SA,2021-01-11 22:20:31
545,Chimbote,-9.0853,-78.5783,72.97,75,14,10.47,PE,2021-01-11 22:25:01
546,Winnemucca,40.973,-117.7357,41.0,67,80,1.99,US,2021-01-11 22:25:02
547,Atambua,-9.1061,124.8925,75.58,86,35,1.52,ID,2021-01-11 22:25:02
548,Anshun,26.25,105.9333,29.89,85,100,2.3,CN,2021-01-11 22:25:03
549,Saveh,35.0213,50.3566,38.41,67,2,0.6,IR,2021-01-11 22:23:01
550,San-Pedro,4.7485,-6.6363,78.06,88,90,6.53,CI,2021-01-11 22:25:03
551,Santa Rosalia,27.3167,-112.2833,65.26,32,0,12.71,MX,2021-01-11 22:25:03
552,La Cruz,23.9167,-106.9,72.0,64,0,7.0,MX,2021-01-11 22:25:03
553,Kavaratti,10.5669,72.642,81.86,76,100,8.75,IN,2021-01-11 22:25:04
554,Magnolia,33.2671,-93.2393,45.0,49,1,5.75,US,2021-01-11 22:25:04
555,Kumluca,36.3703,30.2869,60.03,75,100,3.15,TR,2021-01-11 22:25:04
556,Ekimchan,53.0667,132.9667,-30.17,79,88,2.93,RU,2021-01-11 22:25:05
557,Smithers,54.7804,-127.1743,42.8,52,40,10.36,CA,2021-01-11 22:24:20
558,Howard Springs,-12.497,131.047,82.99,78,20,1.14,AU,2021-01-11 22:25:05
